{"cameraMode":{"drawMode":0,"name":"Shaded","section":"Shading Mode"},"sceneLighting":true,"audioPlay":false,"sceneViewState":{"m_AlwaysRefresh":false,"showFog":true,"showSkybox":true,"showFlares":true,"showImageEffects":true,"showParticleSystems":true,"showVisualEffectGraphs":true,"m_FxEnabled":true},"in2DMode":false,"pivot":{"x":13.690732955932618,"y":0.5979541540145874,"z":4.205744743347168},"rotation":{"x":0.09224086254835129,"y":-0.2706795930862427,"z":0.026065191254019738,"w":0.9578882455825806},"size":3.404334306716919,"orthographic":true}