{"cameraMode":{"drawMode":0,"name":"Shaded","section":"Shading Mode"},"sceneLighting":true,"audioPlay":false,"sceneViewState":{"m_AlwaysRefresh":false,"showFog":true,"showSkybox":true,"showFlares":true,"showImageEffects":true,"showParticleSystems":true,"showVisualEffectGraphs":true,"m_FxEnabled":true},"in2DMode":false,"pivot":{"x":13.690732955932618,"y":0.5979541540145874,"z":4.205744743347168},"rotation":{"x":0.12001444399356842,"y":-0.3832748532295227,"z":0.05030346289277077,"w":0.9144251942634583},"size":7.856727123260498,"orthographic":true}